{
    "mse": 5.633813998429105e-05,
    "mae": 0.0051382193341851234,
    "r2": 0.9971873760223389,
    "avg_peak_shift": 0.05566667392849922,
    "max_peak_shift": 2.0,
    "avg_depth_error": 0.007940408773720264,
    "avg_sam": 0.009897511452436447,
    "roi_mse": 7.375768473139033e-05
}