{
    "mse": 0.00010877176100621,
    "mae": 0.006891951896250248,
    "r2": 0.9959830045700073,
    "avg_peak_shift": 0.07857333868741989,
    "max_peak_shift": 2.1000003814697266,
    "avg_depth_error": 0.009337320923805237,
    "avg_sam": 0.013511504046618938,
    "roi_mse": 0.00014633903629146516
}